nullFieldList,createdDate,lastModifiedDate,nexus,subsidiaryTaxRegNum,taxRegOverride,taxDetailsOverride,customForm,account,unApplied,billAddressList,autoApply,applied,transactionNumber,tranId,createdFrom,entity,total,userTotal,currency,currencyName,billingAddress,tranDate,exchangeRate,entityTaxRegNum,taxPointDate,userTaxTotal,postingPeriod,memo,department,class,location,subsidiary,expenseList,itemList,accountingBookDetailList,applyList,taxDetailsList,customFieldList,internalId,externalId
,2022-10-10T13:45:21-07:00,2022-10-10T13:45:39-07:00,,,,,,"{""name"": ""21100 Accounts Payable"", ""internalId"": ""111"", ""externalId"": null, ""type"": null}",0.0,,,430.84,VENDCRED1,0002481237,,"{""name"": ""eClinicalWorks, LLC"", ""internalId"": ""556"", ""externalId"": null, ""type"": null}",,430.84,"{""name"": ""USD"", ""internalId"": ""1"", ""externalId"": null, ""type"": null}",USD,"{""nullFieldList"": null, ""internalId"": ""358"", ""country"": ""_unitedStates"", ""attention"": null, ""addressee"": ""eClinicalWorks, LLC"", ""addrPhone"": null, ""addr1"": ""2 Technology Dr"", ""addr2"": null, ""addr3"": null, ""city"": ""Westborough"", ""state"": ""MA"", ""zip"": ""1581"", ""addrText"": ""Bill-to"", ""override"": true, ""customFieldList"": null}",2022-09-20T22:00:00-07:00,1.0,,,,"{""name"": ""Sep 2022"", ""internalId"": ""30"", ""externalId"": null, ""type"": null}",,,,,"{""name"": ""Traumatic Brain Injury Institute DBA: Neuro Performance Injury Center, PLLC"", ""internalId"": ""22"", ""externalId"": null, ""type"": null}",,,,,,"{""customField"": [{""value"": {""name"": ""No"", ""internalId"": ""2"", ""externalId"": null, ""typeId"": ""118""}, ""internalId"": ""198"", ""scriptId"": ""custbody_atlas_no_hdn""}, {""value"": {""name"": ""Yes"", ""internalId"": ""1"", ""externalId"": null, ""typeId"": ""118""}, ""internalId"": ""197"", ""scriptId"": ""custbody_atlas_yes_hdn""}, {""value"": false, ""internalId"": ""1179"", ""scriptId"": ""custbody_cps_bdc_lastupdatedbyimport""}, {""value"": false, ""internalId"": ""1190"", ""scriptId"": ""custbody_cps_bdc_paidbillupdated""}]}",116996,vcr02CNLIGQXQSN1qyjy
,2023-02-13T16:55:24-08:00,2023-03-13T07:06:47-07:00,,,,,,"{""name"": ""21100 Accounts Payable"", ""internalId"": ""111"", ""externalId"": null, ""type"": null}",0.0,,,139.54,VENDCRED2,22160504,,"{""name"": ""Henry Schein"", ""internalId"": ""380"", ""externalId"": null, ""type"": null}",,139.54,"{""name"": ""USD"", ""internalId"": ""1"", ""externalId"": null, ""type"": null}",USD,"{""nullFieldList"": null, ""internalId"": ""182"", ""country"": ""_unitedStates"", ""attention"": null, ""addressee"": ""Henry Schein"", ""addrPhone"": null, ""addr1"": ""Dept CH 10241"", ""addr2"": null, ""addr3"": null, ""city"": ""Palatine"", ""state"": ""IL"", ""zip"": ""60055-0241"", ""addrText"": ""Bill-to"", ""override"": true, ""customFieldList"": null}",2023-02-05T22:00:00-08:00,1.0,,,,"{""name"": ""Feb 2023"", ""internalId"": ""57"", ""externalId"": null, ""type"": null}",Item code 1188806,,,,"{""name"": ""The SOAR Institute, PLLC"", ""internalId"": ""15"", ""externalId"": null, ""type"": null}",,,,,,"{""customField"": [{""value"": {""name"": ""No"", ""internalId"": ""2"", ""externalId"": null, ""typeId"": ""118""}, ""internalId"": ""198"", ""scriptId"": ""custbody_atlas_no_hdn""}, {""value"": {""name"": ""Yes"", ""internalId"": ""1"", ""externalId"": null, ""typeId"": ""118""}, ""internalId"": ""197"", ""scriptId"": ""custbody_atlas_yes_hdn""}, {""value"": false, ""internalId"": ""1179"", ""scriptId"": ""custbody_cps_bdc_lastupdatedbyimport""}, {""value"": false, ""internalId"": ""1190"", ""scriptId"": ""custbody_cps_bdc_paidbillupdated""}]}",201120,vcr02JVTHZDLPWZ26m5t
,2023-08-01T23:06:58-07:00,2023-08-01T23:06:58-07:00,,,,,,"{""name"": ""21100 Accounts Payable"", ""internalId"": ""111"", ""externalId"": null, ""type"": null}",1628.92,,,0.0,VENDCRED3,7/31/23 STMT,,"{""name"": ""McKesson Medical Surgical"", ""internalId"": ""398"", ""externalId"": null, ""type"": null}",,1628.92,"{""name"": ""USD"", ""internalId"": ""1"", ""externalId"": null, ""type"": null}",USD,"{""nullFieldList"": null, ""internalId"": ""200"", ""country"": ""_unitedStates"", ""attention"": null, ""addressee"": ""McKesson Medical Surgical"", ""addrPhone"": null, ""addr1"": ""McKesson Medical Surgical"", ""addr2"": ""P.O. Box 660266"", ""addr3"": null, ""city"": ""Dallas"", ""state"": ""TX"", ""zip"": ""75266-0266"", ""addrText"": ""Bill-to"", ""override"": true, ""customFieldList"": null}",2023-07-30T22:00:00-07:00,1.0,,,,"{""name"": ""Jul 2023"", ""internalId"": ""64"", ""externalId"": null, ""type"": null}",Credit Memo received from McKesson,,,,"{""name"": ""The SOAR Institute, PLLC"", ""internalId"": ""15"", ""externalId"": null, ""type"": null}",,,,,,"{""customField"": [{""value"": {""name"": ""No"", ""internalId"": ""2"", ""externalId"": null, ""typeId"": ""118""}, ""internalId"": ""198"", ""scriptId"": ""custbody_atlas_no_hdn""}, {""value"": {""name"": ""Yes"", ""internalId"": ""1"", ""externalId"": null, ""typeId"": ""118""}, ""internalId"": ""197"", ""scriptId"": ""custbody_atlas_yes_hdn""}, {""value"": true, ""internalId"": ""1179"", ""scriptId"": ""custbody_cps_bdc_lastupdatedbyimport""}, {""value"": false, ""internalId"": ""1190"", ""scriptId"": ""custbody_cps_bdc_paidbillupdated""}]}",321385,vcr02EVUJEPGTAF2ufgd
,2023-08-07T09:50:15-07:00,2024-03-07T08:23:57-08:00,,,,,,"{""name"": ""21100 Accounts Payable"", ""internalId"": ""111"", ""externalId"": null, ""type"": null}",0.0,,,73.99,VENDCRED4,013023CL,,"{""name"": ""Medline"", ""internalId"": ""443096"", ""externalId"": null, ""type"": null}",,73.99,"{""name"": ""USD"", ""internalId"": ""1"", ""externalId"": null, ""type"": null}",USD,"{""nullFieldList"": null, ""internalId"": ""19725"", ""country"": ""_unitedStates"", ""attention"": null, ""addressee"": ""Medline Industries, Inc."", ""addrPhone"": null, ""addr1"": ""PO Box 121080"", ""addr2"": ""Department 1080"", ""addr3"": null, ""city"": ""Dallas"", ""state"": ""TX"", ""zip"": ""75312-1080"", ""addrText"": ""Medline Industries, Inc.<br>PO Box 121080<br>Department 1080<br>Dallas TX 75312-1080<br>United States"", ""override"": false, ""customFieldList"": null}",2023-07-04T22:00:00-07:00,1.0,,,,"{""name"": ""Jul 2023"", ""internalId"": ""64"", ""externalId"": null, ""type"": null}",Per Tracey Hayes at Medline.  Take this credit from an upcoming payment,,,,"{""name"": ""Surgical and Diagnostic Center, LP"", ""internalId"": ""40"", ""externalId"": null, ""type"": null}",,,,,,"{""customField"": [{""value"": {""name"": ""No"", ""internalId"": ""2"", ""externalId"": null, ""typeId"": ""118""}, ""internalId"": ""198"", ""scriptId"": ""custbody_atlas_no_hdn""}, {""value"": {""name"": ""Yes"", ""internalId"": ""1"", ""externalId"": null, ""typeId"": ""118""}, ""internalId"": ""197"", ""scriptId"": ""custbody_atlas_yes_hdn""}, {""value"": false, ""internalId"": ""1179"", ""scriptId"": ""custbody_cps_bdc_lastupdatedbyimport""}, {""value"": false, ""internalId"": ""1190"", ""scriptId"": ""custbody_cps_bdc_paidbillupdated""}]}",324859,vcr02IYOVWRNVOD2rnmg
,2023-08-07T09:50:20-07:00,2023-08-23T08:51:00-07:00,,,,,,"{""name"": ""21100 Accounts Payable"", ""internalId"": ""111"", ""externalId"": null, ""type"": null}",80.82,,,0.0,VENDCRED5,07/31/23 STMT,,"{""name"": ""ImageFirst"", ""internalId"": ""443101"", ""externalId"": null, ""type"": null}",,80.82,"{""name"": ""USD"", ""internalId"": ""1"", ""externalId"": null, ""type"": null}",USD,"{""nullFieldList"": null, ""internalId"": ""19729"", ""country"": ""_unitedStates"", ""attention"": null, ""addressee"": ""IMAGE FIRST HEALTHCARE LAUNDRY SPECIALISTS"", ""addrPhone"": null, ""addr1"": ""900 east 8th Avenue ste200"", ""addr2"": null, ""addr3"": null, ""city"": ""King of Prussia"", ""state"": ""PA"", ""zip"": ""19406"", ""addrText"": ""IMAGE FIRST HEALTHCARE LAUNDRY SPECIALISTS<br>900 east 8th Avenue ste200<br>King of Prussia PA 19406<br>United States"", ""override"": false, ""customFieldList"": null}",2023-07-31T22:00:00-07:00,1.0,,,,"{""name"": ""Aug 2023"", ""internalId"": ""65"", ""externalId"": null, ""type"": null}",per ImageFirst statement for PE 7/31/23,,,,"{""name"": ""Surgical and Diagnostic Center, LP"", ""internalId"": ""40"", ""externalId"": null, ""type"": null}",,,,,,"{""customField"": [{""value"": {""name"": ""No"", ""internalId"": ""2"", ""externalId"": null, ""typeId"": ""118""}, ""internalId"": ""198"", ""scriptId"": ""custbody_atlas_no_hdn""}, {""value"": {""name"": ""Yes"", ""internalId"": ""1"", ""externalId"": null, ""typeId"": ""118""}, ""internalId"": ""197"", ""scriptId"": ""custbody_atlas_yes_hdn""}, {""value"": false, ""internalId"": ""1179"", ""scriptId"": ""custbody_cps_bdc_lastupdatedbyimport""}, {""value"": false, ""internalId"": ""1190"", ""scriptId"": ""custbody_cps_bdc_paidbillupdated""}]}",324860,vcr02OYLSVWYTFH2ufec
,2023-12-12T09:03:57-08:00,2023-12-19T09:33:30-08:00,,,,,,"{""name"": ""21100 Accounts Payable"", ""internalId"": ""111"", ""externalId"": null, ""type"": null}",0.0,,,49.12,VENDCRED6,22640936,,"{""name"": ""Henry Schein"", ""internalId"": ""380"", ""externalId"": null, ""type"": null}",,49.12,"{""name"": ""USD"", ""internalId"": ""1"", ""externalId"": null, ""type"": null}",USD,"{""nullFieldList"": null, ""internalId"": ""182"", ""country"": ""_unitedStates"", ""attention"": null, ""addressee"": ""Henry Schein"", ""addrPhone"": null, ""addr1"": ""Dept CH 10241"", ""addr2"": null, ""addr3"": null, ""city"": ""Palatine"", ""state"": ""IL"", ""zip"": ""60055-0241"", ""addrText"": ""Bill-to"", ""override"": true, ""customFieldList"": null}",2023-12-03T22:00:00-08:00,1.0,,,,"{""name"": ""Dec 2023"", ""internalId"": ""70"", ""externalId"": null, ""type"": null}",Item code 1319097 (1) at $49.12,,,,"{""name"": ""West Texas Spine Institute, PLLC"", ""internalId"": ""16"", ""externalId"": null, ""type"": null}",,,,,,"{""customField"": [{""value"": {""name"": ""No"", ""internalId"": ""2"", ""externalId"": null, ""typeId"": ""118""}, ""internalId"": ""198"", ""scriptId"": ""custbody_atlas_no_hdn""}, {""value"": {""name"": ""Yes"", ""internalId"": ""1"", ""externalId"": null, ""typeId"": ""118""}, ""internalId"": ""197"", ""scriptId"": ""custbody_atlas_yes_hdn""}, {""value"": false, ""internalId"": ""1179"", ""scriptId"": ""custbody_cps_bdc_lastupdatedbyimport""}, {""value"": false, ""internalId"": ""1190"", ""scriptId"": ""custbody_cps_bdc_paidbillupdated""}]}",411602,vcr02ZVCFGBWAFN3fo8s
,2023-12-18T10:24:40-08:00,2023-12-18T10:24:40-08:00,,,,,,"{""name"": ""21100 Accounts Payable"", ""internalId"": ""111"", ""externalId"": null, ""type"": null}",247.16,,,0.0,VENDCRED7,04075561,,"{""name"": ""Henry Schein"", ""internalId"": ""380"", ""externalId"": null, ""type"": null}",,247.16,"{""name"": ""USD"", ""internalId"": ""1"", ""externalId"": null, ""type"": null}",USD,"{""nullFieldList"": null, ""internalId"": ""182"", ""country"": ""_unitedStates"", ""attention"": null, ""addressee"": ""Henry Schein"", ""addrPhone"": null, ""addr1"": ""Dept CH 10241"", ""addr2"": null, ""addr3"": null, ""city"": ""Palatine"", ""state"": ""IL"", ""zip"": ""60055-0241"", ""addrText"": ""Bill-to"", ""override"": true, ""customFieldList"": null}",2023-11-03T22:00:00-07:00,1.0,,,,"{""name"": ""Nov 2023"", ""internalId"": ""69"", ""externalId"": null, ""type"": null}",Double payment via check and Ramp,,,,"{""name"": ""The SOAR Institute, PLLC"", ""internalId"": ""15"", ""externalId"": null, ""type"": null}",,,,,,"{""customField"": [{""value"": {""name"": ""No"", ""internalId"": ""2"", ""externalId"": null, ""typeId"": ""118""}, ""internalId"": ""198"", ""scriptId"": ""custbody_atlas_no_hdn""}, {""value"": {""name"": ""Yes"", ""internalId"": ""1"", ""externalId"": null, ""typeId"": ""118""}, ""internalId"": ""197"", ""scriptId"": ""custbody_atlas_yes_hdn""}, {""value"": true, ""internalId"": ""1179"", ""scriptId"": ""custbody_cps_bdc_lastupdatedbyimport""}, {""value"": false, ""internalId"": ""1190"", ""scriptId"": ""custbody_cps_bdc_paidbillupdated""}]}",415266,vcr02DSNSKOGOSI3grez
,2024-01-11T12:20:18-08:00,2024-01-11T12:20:18-08:00,,,,,,"{""name"": ""21100 Accounts Payable"", ""internalId"": ""111"", ""externalId"": null, ""type"": null}",791.15,,,0.0,VENDCRED8,12/31/23 Stmt,,"{""name"": ""McKesson Medical Surgical"", ""internalId"": ""398"", ""externalId"": null, ""type"": null}",,791.15,"{""name"": ""USD"", ""internalId"": ""1"", ""externalId"": null, ""type"": null}",USD,"{""nullFieldList"": null, ""internalId"": ""200"", ""country"": ""_unitedStates"", ""attention"": null, ""addressee"": ""McKesson Medical Surgical"", ""addrPhone"": null, ""addr1"": ""McKesson Medical Surgical"", ""addr2"": ""P.O. Box 660266"", ""addr3"": null, ""city"": ""Dallas"", ""state"": ""TX"", ""zip"": ""75266-0266"", ""addrText"": ""Bill-to"", ""override"": true, ""customFieldList"": null}",2023-12-30T22:00:00-08:00,1.0,,,,"{""name"": ""Dec 2023"", ""internalId"": ""70"", ""externalId"": null, ""type"": null}",12/31/23 difference between Jul-23 credit and Dec-23 statement credit amount,,,,"{""name"": ""The SOAR Institute, PLLC"", ""internalId"": ""15"", ""externalId"": null, ""type"": null}",,,,,,"{""customField"": [{""value"": {""name"": ""No"", ""internalId"": ""2"", ""externalId"": null, ""typeId"": ""118""}, ""internalId"": ""198"", ""scriptId"": ""custbody_atlas_no_hdn""}, {""value"": {""name"": ""Yes"", ""internalId"": ""1"", ""externalId"": null, ""typeId"": ""118""}, ""internalId"": ""197"", ""scriptId"": ""custbody_atlas_yes_hdn""}, {""value"": true, ""internalId"": ""1179"", ""scriptId"": ""custbody_cps_bdc_lastupdatedbyimport""}, {""value"": false, ""internalId"": ""1190"", ""scriptId"": ""custbody_cps_bdc_paidbillupdated""}]}",428772,vcr02GAZNLNIMKV3k0vj
,2024-03-07T08:15:44-08:00,2024-04-19T02:07:44-07:00,,,,,,"{""name"": ""21100 Accounts Payable"", ""internalId"": ""111"", ""externalId"": null, ""type"": null}",0.0,,,2419.1,VENDCRED9,Invoice 1029(Duplicate),,"{""name"": ""James Dunham"", ""internalId"": ""88592"", ""externalId"": null, ""type"": null}",,2419.1,"{""name"": ""USD"", ""internalId"": ""1"", ""externalId"": null, ""type"": null}",USD,"{""nullFieldList"": null, ""internalId"": ""6876"", ""country"": ""_unitedStates"", ""attention"": null, ""addressee"": ""James Dunham"", ""addrPhone"": null, ""addr1"": ""5 Ace Ct"", ""addr2"": null, ""addr3"": null, ""city"": ""Bunnell"", ""state"": ""FL"", ""zip"": ""32110"", ""addrText"": ""James Dunham<br>5 Ace Ct<br>Bunnell FL 32110<br>United States"", ""override"": false, ""customFieldList"": null}",2024-03-05T22:00:00-08:00,1.0,,,,"{""name"": ""Mar 2024"", ""internalId"": ""94"", ""externalId"": null, ""type"": null}",Thank you Shravy!    Yes I authorize Flying R Aviation credit the amount of $2419.10 to be deducted from a future invoice paid by Flying R Aviation for the duplicate amount paid from invoice # 1029.,,,,"{""name"": ""Flying R Aviation, LLC"", ""internalId"": ""20"", ""externalId"": null, ""type"": null}",,,,,,"{""customField"": [{""value"": {""name"": ""No"", ""internalId"": ""2"", ""externalId"": null, ""typeId"": ""118""}, ""internalId"": ""198"", ""scriptId"": ""custbody_atlas_no_hdn""}, {""value"": {""name"": ""Yes"", ""internalId"": ""1"", ""externalId"": null, ""typeId"": ""118""}, ""internalId"": ""197"", ""scriptId"": ""custbody_atlas_yes_hdn""}, {""value"": false, ""internalId"": ""1179"", ""scriptId"": ""custbody_cps_bdc_lastupdatedbyimport""}, {""value"": false, ""internalId"": ""1190"", ""scriptId"": ""custbody_cps_bdc_paidbillupdated""}]}",455830,vcr02KQCFCDCYSB3r7ye
,2024-03-11T11:07:12-07:00,2024-03-11T11:07:12-07:00,,,,,,"{""name"": ""21100 Accounts Payable"", ""internalId"": ""111"", ""externalId"": null, ""type"": null}",216.59,,,0.0,VENDCRED10,AWZ085,,"{""name"": ""Radiation Detection"", ""internalId"": ""150131"", ""externalId"": null, ""type"": null}",,216.59,"{""name"": ""USD"", ""internalId"": ""1"", ""externalId"": null, ""type"": null}",USD,"{""nullFieldList"": null, ""internalId"": ""20634"", ""country"": ""_unitedStates"", ""attention"": null, ""addressee"": ""Radiation Detection"", ""addrPhone"": null, ""addr1"": ""3527 Snead Drive"", ""addr2"": null, ""addr3"": null, ""city"": ""Georgetown"", ""state"": ""TX"", ""zip"": ""78626"", ""addrText"": ""Radiation Detection<br>3527 Snead Drive<br>Georgetown TX 78626<br>United States"", ""override"": false, ""customFieldList"": null}",2024-03-07T22:00:00-08:00,1.0,,,,"{""name"": ""Mar 2024"", ""internalId"": ""94"", ""externalId"": null, ""type"": null}",This is a credit for returning Dr Techy's old badges,,,,"{""name"": ""West Texas Spine Institute, PLLC"", ""internalId"": ""16"", ""externalId"": null, ""type"": null}",,,,,,"{""customField"": [{""value"": {""name"": ""No"", ""internalId"": ""2"", ""externalId"": null, ""typeId"": ""118""}, ""internalId"": ""198"", ""scriptId"": ""custbody_atlas_no_hdn""}, {""value"": {""name"": ""Yes"", ""internalId"": ""1"", ""externalId"": null, ""typeId"": ""118""}, ""internalId"": ""197"", ""scriptId"": ""custbody_atlas_yes_hdn""}, {""value"": true, ""internalId"": ""1179"", ""scriptId"": ""custbody_cps_bdc_lastupdatedbyimport""}, {""value"": false, ""internalId"": ""1190"", ""scriptId"": ""custbody_cps_bdc_paidbillupdated""}]}",456780,vcr02CAXUNLRAZS3ri3z
,2024-03-26T06:09:56-07:00,2024-05-24T02:59:54-07:00,,,,,,"{""name"": ""21100 Accounts Payable"", ""internalId"": ""111"", ""externalId"": null, ""type"": null}",0.0,,,959.5,VENDCRED11,t0001310,,"{""name"": ""Leis 'Ohana Hui Family Partnership, Ltd"", ""internalId"": ""619309"", ""externalId"": null, ""type"": null}",,959.5,"{""name"": ""USD"", ""internalId"": ""1"", ""externalId"": null, ""type"": null}",USD,"{""nullFieldList"": null, ""internalId"": ""29907"", ""country"": ""_unitedStates"", ""attention"": null, ""addressee"": ""Leis 'Ohana Hui Family Partnership, Ltd"", ""addrPhone"": null, ""addr1"": ""1919 South Shiloh Road"", ""addr2"": ""LB 36, Suite 612"", ""addr3"": null, ""city"": ""Garland"", ""state"": ""TX"", ""zip"": ""75042"", ""addrText"": ""Leis 'Ohana Hui Family Partnership, Ltd<br>1919 South Shiloh Road<br>LB 36, Suite 612<br>Garland TX 75042<br>United States"", ""override"": false, ""customFieldList"": null}",2024-03-05T22:00:00-08:00,1.0,,,,"{""name"": ""Mar 2024"", ""internalId"": ""94"", ""externalId"": null, ""type"": null}",Over payment security deposit.,,,,"{""name"": ""The SOAR Institute, PLLC"", ""internalId"": ""15"", ""externalId"": null, ""type"": null}",,,,,,"{""customField"": [{""value"": {""name"": ""No"", ""internalId"": ""2"", ""externalId"": null, ""typeId"": ""118""}, ""internalId"": ""198"", ""scriptId"": ""custbody_atlas_no_hdn""}, {""value"": {""name"": ""Yes"", ""internalId"": ""1"", ""externalId"": null, ""typeId"": ""118""}, ""internalId"": ""197"", ""scriptId"": ""custbody_atlas_yes_hdn""}, {""value"": false, ""internalId"": ""1179"", ""scriptId"": ""custbody_cps_bdc_lastupdatedbyimport""}, {""value"": false, ""internalId"": ""1190"", ""scriptId"": ""custbody_cps_bdc_paidbillupdated""}]}",462504,vcr02LVTLCBONVO3rjyo
,2024-04-19T02:06:46-07:00,2024-05-17T01:30:07-07:00,,,,,,"{""name"": ""21100 Accounts Payable"", ""internalId"": ""111"", ""externalId"": null, ""type"": null}",0.0,,,937.88,VENDCRED13,22891803,,"{""name"": ""Henry Schein"", ""internalId"": ""380"", ""externalId"": null, ""type"": null}",,937.88,"{""name"": ""USD"", ""internalId"": ""1"", ""externalId"": null, ""type"": null}",USD,"{""nullFieldList"": null, ""internalId"": ""182"", ""country"": ""_unitedStates"", ""attention"": null, ""addressee"": ""Henry Schein"", ""addrPhone"": null, ""addr1"": ""Dept CH 10241"", ""addr2"": null, ""addr3"": null, ""city"": ""Palatine"", ""state"": ""IL"", ""zip"": ""60055-0241"", ""addrText"": ""Bill-to"", ""override"": true, ""customFieldList"": null}",2024-03-31T22:00:00-07:00,1.0,,,,"{""name"": ""Apr 2024"", ""internalId"": ""96"", ""externalId"": null, ""type"": null}",Unused medication returned to vendor,,,,"{""name"": ""West Texas Spine Institute, PLLC"", ""internalId"": ""16"", ""externalId"": null, ""type"": null}",,,,,,"{""customField"": [{""value"": {""name"": ""No"", ""internalId"": ""2"", ""externalId"": null, ""typeId"": ""118""}, ""internalId"": ""198"", ""scriptId"": ""custbody_atlas_no_hdn""}, {""value"": {""name"": ""Yes"", ""internalId"": ""1"", ""externalId"": null, ""typeId"": ""118""}, ""internalId"": ""197"", ""scriptId"": ""custbody_atlas_yes_hdn""}, {""value"": false, ""internalId"": ""1179"", ""scriptId"": ""custbody_cps_bdc_lastupdatedbyimport""}, {""value"": false, ""internalId"": ""1190"", ""scriptId"": ""custbody_cps_bdc_paidbillupdated""}]}",473061,vcr02BNHWZJUMYZ3wqts
,2024-04-19T02:06:52-07:00,2024-05-03T02:58:30-07:00,,,,,,"{""name"": ""21100 Accounts Payable"", ""internalId"": ""111"", ""externalId"": null, ""type"": null}",0.0,,,275.26,VENDCRED14,22891805,,"{""name"": ""Henry Schein"", ""internalId"": ""380"", ""externalId"": null, ""type"": null}",,275.26,"{""name"": ""USD"", ""internalId"": ""1"", ""externalId"": null, ""type"": null}",USD,"{""nullFieldList"": null, ""internalId"": ""182"", ""country"": ""_unitedStates"", ""attention"": null, ""addressee"": ""Henry Schein"", ""addrPhone"": null, ""addr1"": ""Dept CH 10241"", ""addr2"": null, ""addr3"": null, ""city"": ""Palatine"", ""state"": ""IL"", ""zip"": ""60055-0241"", ""addrText"": ""Bill-to"", ""override"": true, ""customFieldList"": null}",2024-03-31T22:00:00-07:00,1.0,,,,"{""name"": ""Apr 2024"", ""internalId"": ""96"", ""externalId"": null, ""type"": null}",Unused medication returned to vendor,,,,"{""name"": ""West Texas Spine Institute, PLLC"", ""internalId"": ""16"", ""externalId"": null, ""type"": null}",,,,,,"{""customField"": [{""value"": {""name"": ""No"", ""internalId"": ""2"", ""externalId"": null, ""typeId"": ""118""}, ""internalId"": ""198"", ""scriptId"": ""custbody_atlas_no_hdn""}, {""value"": {""name"": ""Yes"", ""internalId"": ""1"", ""externalId"": null, ""typeId"": ""118""}, ""internalId"": ""197"", ""scriptId"": ""custbody_atlas_yes_hdn""}, {""value"": false, ""internalId"": ""1179"", ""scriptId"": ""custbody_cps_bdc_lastupdatedbyimport""}, {""value"": false, ""internalId"": ""1190"", ""scriptId"": ""custbody_cps_bdc_paidbillupdated""}]}",473062,vcr02UVXHVDBQMS3wqtv
,2024-04-19T02:06:54-07:00,2024-05-03T02:58:22-07:00,,,,,,"{""name"": ""21100 Accounts Payable"", ""internalId"": ""111"", ""externalId"": null, ""type"": null}",0.0,,,289.35,VENDCRED15,22891802,,"{""name"": ""Henry Schein"", ""internalId"": ""380"", ""externalId"": null, ""type"": null}",,289.35,"{""name"": ""USD"", ""internalId"": ""1"", ""externalId"": null, ""type"": null}",USD,"{""nullFieldList"": null, ""internalId"": ""182"", ""country"": ""_unitedStates"", ""attention"": null, ""addressee"": ""Henry Schein"", ""addrPhone"": null, ""addr1"": ""Dept CH 10241"", ""addr2"": null, ""addr3"": null, ""city"": ""Palatine"", ""state"": ""IL"", ""zip"": ""60055-0241"", ""addrText"": ""Bill-to"", ""override"": true, ""customFieldList"": null}",2024-03-31T22:00:00-07:00,1.0,,,,"{""name"": ""Apr 2024"", ""internalId"": ""96"", ""externalId"": null, ""type"": null}",Unused medication returned to vender,,,,"{""name"": ""West Texas Spine Institute, PLLC"", ""internalId"": ""16"", ""externalId"": null, ""type"": null}",,,,,,"{""customField"": [{""value"": {""name"": ""No"", ""internalId"": ""2"", ""externalId"": null, ""typeId"": ""118""}, ""internalId"": ""198"", ""scriptId"": ""custbody_atlas_no_hdn""}, {""value"": {""name"": ""Yes"", ""internalId"": ""1"", ""externalId"": null, ""typeId"": ""118""}, ""internalId"": ""197"", ""scriptId"": ""custbody_atlas_yes_hdn""}, {""value"": false, ""internalId"": ""1179"", ""scriptId"": ""custbody_cps_bdc_lastupdatedbyimport""}, {""value"": false, ""internalId"": ""1190"", ""scriptId"": ""custbody_cps_bdc_paidbillupdated""}]}",473063,vcr02KZJVISNFXA3wqu0
,2024-04-19T02:06:55-07:00,2024-07-12T05:56:41-07:00,,,,,,"{""name"": ""21100 Accounts Payable"", ""internalId"": ""111"", ""externalId"": null, ""type"": null}",0.0,,,1280.35,VENDCRED16,22891804,,"{""name"": ""Henry Schein"", ""internalId"": ""380"", ""externalId"": null, ""type"": null}",,1280.35,"{""name"": ""USD"", ""internalId"": ""1"", ""externalId"": null, ""type"": null}",USD,"{""nullFieldList"": null, ""internalId"": ""182"", ""country"": ""_unitedStates"", ""attention"": null, ""addressee"": ""Henry Schein"", ""addrPhone"": null, ""addr1"": ""Dept CH 10241"", ""addr2"": null, ""addr3"": null, ""city"": ""Palatine"", ""state"": ""IL"", ""zip"": ""60055-0241"", ""addrText"": ""Bill-to"", ""override"": true, ""customFieldList"": null}",2024-03-31T22:00:00-07:00,1.0,,,,"{""name"": ""Apr 2024"", ""internalId"": ""96"", ""externalId"": null, ""type"": null}",Unused medication returned to vendor,,,,"{""name"": ""West Texas Spine Institute, PLLC"", ""internalId"": ""16"", ""externalId"": null, ""type"": null}",,,,,,"{""customField"": [{""value"": {""name"": ""No"", ""internalId"": ""2"", ""externalId"": null, ""typeId"": ""118""}, ""internalId"": ""198"", ""scriptId"": ""custbody_atlas_no_hdn""}, {""value"": {""name"": ""Yes"", ""internalId"": ""1"", ""externalId"": null, ""typeId"": ""118""}, ""internalId"": ""197"", ""scriptId"": ""custbody_atlas_yes_hdn""}, {""value"": false, ""internalId"": ""1179"", ""scriptId"": ""custbody_cps_bdc_lastupdatedbyimport""}, {""value"": false, ""internalId"": ""1190"", ""scriptId"": ""custbody_cps_bdc_paidbillupdated""}]}",473064,vcr02WSVHIUYXTA3wqu3
,2024-04-19T04:56:29-07:00,2024-04-19T04:56:37-07:00,,,,,,"{""name"": ""21100 Accounts Payable"", ""internalId"": ""111"", ""externalId"": null, ""type"": null}",122.8,,,208.64,VENDCRED17,22891815,,"{""name"": ""Henry Schein"", ""internalId"": ""380"", ""externalId"": null, ""type"": null}",,331.44,"{""name"": ""USD"", ""internalId"": ""1"", ""externalId"": null, ""type"": null}",USD,"{""nullFieldList"": null, ""internalId"": ""182"", ""country"": ""_unitedStates"", ""attention"": null, ""addressee"": ""Henry Schein"", ""addrPhone"": null, ""addr1"": ""Dept CH 10241"", ""addr2"": null, ""addr3"": null, ""city"": ""Palatine"", ""state"": ""IL"", ""zip"": ""60055-0241"", ""addrText"": ""Bill-to"", ""override"": true, ""customFieldList"": null}",2024-03-31T22:00:00-07:00,1.0,,,,"{""name"": ""Apr 2024"", ""internalId"": ""96"", ""externalId"": null, ""type"": null}",Unused medication returned to vendor,,,,"{""name"": ""The SOAR Institute, PLLC"", ""internalId"": ""15"", ""externalId"": null, ""type"": null}",,,,,,"{""customField"": [{""value"": {""name"": ""No"", ""internalId"": ""2"", ""externalId"": null, ""typeId"": ""118""}, ""internalId"": ""198"", ""scriptId"": ""custbody_atlas_no_hdn""}, {""value"": {""name"": ""Yes"", ""internalId"": ""1"", ""externalId"": null, ""typeId"": ""118""}, ""internalId"": ""197"", ""scriptId"": ""custbody_atlas_yes_hdn""}, {""value"": false, ""internalId"": ""1179"", ""scriptId"": ""custbody_cps_bdc_lastupdatedbyimport""}, {""value"": false, ""internalId"": ""1190"", ""scriptId"": ""custbody_cps_bdc_paidbillupdated""}]}",473362,vcr02OAENBKMVWP3wqt8
,2024-04-19T04:56:30-07:00,2024-04-19T04:56:42-07:00,,,,,,"{""name"": ""21100 Accounts Payable"", ""internalId"": ""111"", ""externalId"": null, ""type"": null}",0.0,,,239.96,VENDCRED18,22891816,,"{""name"": ""Henry Schein"", ""internalId"": ""380"", ""externalId"": null, ""type"": null}",,239.96,"{""name"": ""USD"", ""internalId"": ""1"", ""externalId"": null, ""type"": null}",USD,"{""nullFieldList"": null, ""internalId"": ""182"", ""country"": ""_unitedStates"", ""attention"": null, ""addressee"": ""Henry Schein"", ""addrPhone"": null, ""addr1"": ""Dept CH 10241"", ""addr2"": null, ""addr3"": null, ""city"": ""Palatine"", ""state"": ""IL"", ""zip"": ""60055-0241"", ""addrText"": ""Bill-to"", ""override"": true, ""customFieldList"": null}",2024-03-31T22:00:00-07:00,1.0,,,,"{""name"": ""Apr 2024"", ""internalId"": ""96"", ""externalId"": null, ""type"": null}",Unused medication returned to vendor,,,,"{""name"": ""The SOAR Institute, PLLC"", ""internalId"": ""15"", ""externalId"": null, ""type"": null}",,,,,,"{""customField"": [{""value"": {""name"": ""No"", ""internalId"": ""2"", ""externalId"": null, ""typeId"": ""118""}, ""internalId"": ""198"", ""scriptId"": ""custbody_atlas_no_hdn""}, {""value"": {""name"": ""Yes"", ""internalId"": ""1"", ""externalId"": null, ""typeId"": ""118""}, ""internalId"": ""197"", ""scriptId"": ""custbody_atlas_yes_hdn""}, {""value"": false, ""internalId"": ""1179"", ""scriptId"": ""custbody_cps_bdc_lastupdatedbyimport""}, {""value"": false, ""internalId"": ""1190"", ""scriptId"": ""custbody_cps_bdc_paidbillupdated""}]}",473363,vcr02YVPMELKRKL3wqtb
,2024-04-19T04:56:31-07:00,2024-06-18T04:56:53-07:00,,,,,,"{""name"": ""21100 Accounts Payable"", ""internalId"": ""111"", ""externalId"": null, ""type"": null}",0.0,,,239.96,VENDCRED19,22891817,,"{""name"": ""Henry Schein"", ""internalId"": ""380"", ""externalId"": null, ""type"": null}",,239.96,"{""name"": ""USD"", ""internalId"": ""1"", ""externalId"": null, ""type"": null}",USD,"{""nullFieldList"": null, ""internalId"": ""182"", ""country"": ""_unitedStates"", ""attention"": null, ""addressee"": ""Henry Schein"", ""addrPhone"": null, ""addr1"": ""Dept CH 10241"", ""addr2"": null, ""addr3"": null, ""city"": ""Palatine"", ""state"": ""IL"", ""zip"": ""60055-0241"", ""addrText"": ""Bill-to"", ""override"": true, ""customFieldList"": null}",2024-03-31T22:00:00-07:00,1.0,,,,"{""name"": ""Apr 2024"", ""internalId"": ""96"", ""externalId"": null, ""type"": null}",Unused medication returned to vendor,,,,"{""name"": ""The SOAR Institute, PLLC"", ""internalId"": ""15"", ""externalId"": null, ""type"": null}",,,,,,"{""customField"": [{""value"": {""name"": ""No"", ""internalId"": ""2"", ""externalId"": null, ""typeId"": ""118""}, ""internalId"": ""198"", ""scriptId"": ""custbody_atlas_no_hdn""}, {""value"": {""name"": ""Yes"", ""internalId"": ""1"", ""externalId"": null, ""typeId"": ""118""}, ""internalId"": ""197"", ""scriptId"": ""custbody_atlas_yes_hdn""}, {""value"": false, ""internalId"": ""1179"", ""scriptId"": ""custbody_cps_bdc_lastupdatedbyimport""}, {""value"": false, ""internalId"": ""1190"", ""scriptId"": ""custbody_cps_bdc_paidbillupdated""}]}",473364,vcr02CZLJPXVVKB3wqtd
,2024-04-23T08:02:38-07:00,2024-04-23T08:03:04-07:00,,,,,,"{""name"": ""21100 Accounts Payable"", ""internalId"": ""111"", ""externalId"": null, ""type"": null}",0.0,,,237.17,VENDCRED20,22891808,,"{""name"": ""Henry Schein"", ""internalId"": ""380"", ""externalId"": null, ""type"": null}",,237.17,"{""name"": ""USD"", ""internalId"": ""1"", ""externalId"": null, ""type"": null}",USD,"{""nullFieldList"": null, ""internalId"": ""182"", ""country"": ""_unitedStates"", ""attention"": null, ""addressee"": ""Henry Schein"", ""addrPhone"": null, ""addr1"": ""Dept CH 10241"", ""addr2"": null, ""addr3"": null, ""city"": ""Palatine"", ""state"": ""IL"", ""zip"": ""60055-0241"", ""addrText"": ""Bill-to"", ""override"": true, ""customFieldList"": null}",2024-03-31T22:00:00-07:00,1.0,,,,"{""name"": ""Apr 2024"", ""internalId"": ""96"", ""externalId"": null, ""type"": null}",Unused medication returned to vendor,,,,"{""name"": ""Pinnacle Spine and Orthopedic, PLLC"", ""internalId"": ""4"", ""externalId"": null, ""type"": null}",,,,,,"{""customField"": [{""value"": {""name"": ""No"", ""internalId"": ""2"", ""externalId"": null, ""typeId"": ""118""}, ""internalId"": ""198"", ""scriptId"": ""custbody_atlas_no_hdn""}, {""value"": {""name"": ""Yes"", ""internalId"": ""1"", ""externalId"": null, ""typeId"": ""118""}, ""internalId"": ""197"", ""scriptId"": ""custbody_atlas_yes_hdn""}, {""value"": false, ""internalId"": ""1179"", ""scriptId"": ""custbody_cps_bdc_lastupdatedbyimport""}, {""value"": false, ""internalId"": ""1190"", ""scriptId"": ""custbody_cps_bdc_paidbillupdated""}]}",474146,vcr02NSIBDAHEKV3wqs6
,2024-04-23T08:02:40-07:00,2024-04-23T08:03:00-07:00,,,,,,"{""name"": ""21100 Accounts Payable"", ""internalId"": ""111"", ""externalId"": null, ""type"": null}",0.0,,,844.4,VENDCRED21,22891807,,"{""name"": ""Henry Schein"", ""internalId"": ""380"", ""externalId"": null, ""type"": null}",,844.4,"{""name"": ""USD"", ""internalId"": ""1"", ""externalId"": null, ""type"": null}",USD,"{""nullFieldList"": null, ""internalId"": ""182"", ""country"": ""_unitedStates"", ""attention"": null, ""addressee"": ""Henry Schein"", ""addrPhone"": null, ""addr1"": ""Dept CH 10241"", ""addr2"": null, ""addr3"": null, ""city"": ""Palatine"", ""state"": ""IL"", ""zip"": ""60055-0241"", ""addrText"": ""Bill-to"", ""override"": true, ""customFieldList"": null}",2024-03-31T22:00:00-07:00,1.0,,,,"{""name"": ""Apr 2024"", ""internalId"": ""96"", ""externalId"": null, ""type"": null}",Unused medication returned to vendor,,,,"{""name"": ""Pinnacle Spine and Orthopedic, PLLC"", ""internalId"": ""4"", ""externalId"": null, ""type"": null}",,,,,,"{""customField"": [{""value"": {""name"": ""No"", ""internalId"": ""2"", ""externalId"": null, ""typeId"": ""118""}, ""internalId"": ""198"", ""scriptId"": ""custbody_atlas_no_hdn""}, {""value"": {""name"": ""Yes"", ""internalId"": ""1"", ""externalId"": null, ""typeId"": ""118""}, ""internalId"": ""197"", ""scriptId"": ""custbody_atlas_yes_hdn""}, {""value"": false, ""internalId"": ""1179"", ""scriptId"": ""custbody_cps_bdc_lastupdatedbyimport""}, {""value"": false, ""internalId"": ""1190"", ""scriptId"": ""custbody_cps_bdc_paidbillupdated""}]}",474147,vcr02BLPZKBJLFV3wqsb
,2024-04-23T08:02:43-07:00,2024-04-23T08:03:09-07:00,,,,,,"{""name"": ""21100 Accounts Payable"", ""internalId"": ""111"", ""externalId"": null, ""type"": null}",0.0,,,290.66,VENDCRED22,22891811,,"{""name"": ""Henry Schein"", ""internalId"": ""380"", ""externalId"": null, ""type"": null}",,290.66,"{""name"": ""USD"", ""internalId"": ""1"", ""externalId"": null, ""type"": null}",USD,"{""nullFieldList"": null, ""internalId"": ""182"", ""country"": ""_unitedStates"", ""attention"": null, ""addressee"": ""Henry Schein"", ""addrPhone"": null, ""addr1"": ""Dept CH 10241"", ""addr2"": null, ""addr3"": null, ""city"": ""Palatine"", ""state"": ""IL"", ""zip"": ""60055-0241"", ""addrText"": ""Bill-to"", ""override"": true, ""customFieldList"": null}",2024-03-31T22:00:00-07:00,1.0,,,,"{""name"": ""Apr 2024"", ""internalId"": ""96"", ""externalId"": null, ""type"": null}",Unused medication returned to vendor,,,,"{""name"": ""Pinnacle Spine and Orthopedic, PLLC"", ""internalId"": ""4"", ""externalId"": null, ""type"": null}",,,,,,"{""customField"": [{""value"": {""name"": ""No"", ""internalId"": ""2"", ""externalId"": null, ""typeId"": ""118""}, ""internalId"": ""198"", ""scriptId"": ""custbody_atlas_no_hdn""}, {""value"": {""name"": ""Yes"", ""internalId"": ""1"", ""externalId"": null, ""typeId"": ""118""}, ""internalId"": ""197"", ""scriptId"": ""custbody_atlas_yes_hdn""}, {""value"": false, ""internalId"": ""1179"", ""scriptId"": ""custbody_cps_bdc_lastupdatedbyimport""}, {""value"": false, ""internalId"": ""1190"", ""scriptId"": ""custbody_cps_bdc_paidbillupdated""}]}",474148,vcr02MHMAXMYSET3wqsf
,2024-04-23T08:02:45-07:00,2024-04-23T08:03:18-07:00,,,,,,"{""name"": ""21100 Accounts Payable"", ""internalId"": ""111"", ""externalId"": null, ""type"": null}",0.0,,,970.74,VENDCRED23,22891809,,"{""name"": ""Henry Schein"", ""internalId"": ""380"", ""externalId"": null, ""type"": null}",,970.74,"{""name"": ""USD"", ""internalId"": ""1"", ""externalId"": null, ""type"": null}",USD,"{""nullFieldList"": null, ""internalId"": ""182"", ""country"": ""_unitedStates"", ""attention"": null, ""addressee"": ""Henry Schein"", ""addrPhone"": null, ""addr1"": ""Dept CH 10241"", ""addr2"": null, ""addr3"": null, ""city"": ""Palatine"", ""state"": ""IL"", ""zip"": ""60055-0241"", ""addrText"": ""Bill-to"", ""override"": true, ""customFieldList"": null}",2024-03-31T22:00:00-07:00,1.0,,,,"{""name"": ""Apr 2024"", ""internalId"": ""96"", ""externalId"": null, ""type"": null}",Unused medication returned to vendor,,,,"{""name"": ""Pinnacle Spine and Orthopedic, PLLC"", ""internalId"": ""4"", ""externalId"": null, ""type"": null}",,,,,,"{""customField"": [{""value"": {""name"": ""No"", ""internalId"": ""2"", ""externalId"": null, ""typeId"": ""118""}, ""internalId"": ""198"", ""scriptId"": ""custbody_atlas_no_hdn""}, {""value"": {""name"": ""Yes"", ""internalId"": ""1"", ""externalId"": null, ""typeId"": ""118""}, ""internalId"": ""197"", ""scriptId"": ""custbody_atlas_yes_hdn""}, {""value"": false, ""internalId"": ""1179"", ""scriptId"": ""custbody_cps_bdc_lastupdatedbyimport""}, {""value"": false, ""internalId"": ""1190"", ""scriptId"": ""custbody_cps_bdc_paidbillupdated""}]}",474149,vcr02MCEXMPCLPH3wqsj
,2024-04-23T08:02:46-07:00,2024-04-23T08:03:34-07:00,,,,,,"{""name"": ""21100 Accounts Payable"", ""internalId"": ""111"", ""externalId"": null, ""type"": null}",0.0,,,1234.57,VENDCRED24,22891810,,"{""name"": ""Henry Schein"", ""internalId"": ""380"", ""externalId"": null, ""type"": null}",,1234.57,"{""name"": ""USD"", ""internalId"": ""1"", ""externalId"": null, ""type"": null}",USD,"{""nullFieldList"": null, ""internalId"": ""182"", ""country"": ""_unitedStates"", ""attention"": null, ""addressee"": ""Henry Schein"", ""addrPhone"": null, ""addr1"": ""Dept CH 10241"", ""addr2"": null, ""addr3"": null, ""city"": ""Palatine"", ""state"": ""IL"", ""zip"": ""60055-0241"", ""addrText"": ""Bill-to"", ""override"": true, ""customFieldList"": null}",2024-03-31T22:00:00-07:00,1.0,,,,"{""name"": ""Apr 2024"", ""internalId"": ""96"", ""externalId"": null, ""type"": null}",Unused medication returned to vendor,,,,"{""name"": ""Pinnacle Spine and Orthopedic, PLLC"", ""internalId"": ""4"", ""externalId"": null, ""type"": null}",,,,,,"{""customField"": [{""value"": {""name"": ""No"", ""internalId"": ""2"", ""externalId"": null, ""typeId"": ""118""}, ""internalId"": ""198"", ""scriptId"": ""custbody_atlas_no_hdn""}, {""value"": {""name"": ""Yes"", ""internalId"": ""1"", ""externalId"": null, ""typeId"": ""118""}, ""internalId"": ""197"", ""scriptId"": ""custbody_atlas_yes_hdn""}, {""value"": false, ""internalId"": ""1179"", ""scriptId"": ""custbody_cps_bdc_lastupdatedbyimport""}, {""value"": false, ""internalId"": ""1190"", ""scriptId"": ""custbody_cps_bdc_paidbillupdated""}]}",474150,vcr02ODPUJHTVLK3wqsl
,2024-04-23T08:02:47-07:00,2024-04-23T08:03:28-07:00,,,,,,"{""name"": ""21100 Accounts Payable"", ""internalId"": ""111"", ""externalId"": null, ""type"": null}",0.0,,,344.65,VENDCRED25,22891806,,"{""name"": ""Henry Schein"", ""internalId"": ""380"", ""externalId"": null, ""type"": null}",,344.65,"{""name"": ""USD"", ""internalId"": ""1"", ""externalId"": null, ""type"": null}",USD,"{""nullFieldList"": null, ""internalId"": ""182"", ""country"": ""_unitedStates"", ""attention"": null, ""addressee"": ""Henry Schein"", ""addrPhone"": null, ""addr1"": ""Dept CH 10241"", ""addr2"": null, ""addr3"": null, ""city"": ""Palatine"", ""state"": ""IL"", ""zip"": ""60055-0241"", ""addrText"": ""Bill-to"", ""override"": true, ""customFieldList"": null}",2024-03-31T22:00:00-07:00,1.0,,,,"{""name"": ""Apr 2024"", ""internalId"": ""96"", ""externalId"": null, ""type"": null}",Unused medication returned to vendor,,,,"{""name"": ""Pinnacle Spine and Orthopedic, PLLC"", ""internalId"": ""4"", ""externalId"": null, ""type"": null}",,,,,,"{""customField"": [{""value"": {""name"": ""No"", ""internalId"": ""2"", ""externalId"": null, ""typeId"": ""118""}, ""internalId"": ""198"", ""scriptId"": ""custbody_atlas_no_hdn""}, {""value"": {""name"": ""Yes"", ""internalId"": ""1"", ""externalId"": null, ""typeId"": ""118""}, ""internalId"": ""197"", ""scriptId"": ""custbody_atlas_yes_hdn""}, {""value"": false, ""internalId"": ""1179"", ""scriptId"": ""custbody_cps_bdc_lastupdatedbyimport""}, {""value"": false, ""internalId"": ""1190"", ""scriptId"": ""custbody_cps_bdc_paidbillupdated""}]}",474151,vcr02EATEEUYHOV3wqso
,2024-04-23T08:02:49-07:00,2024-04-23T08:03:29-07:00,,,,,,"{""name"": ""21100 Accounts Payable"", ""internalId"": ""111"", ""externalId"": null, ""type"": null}",0.0,,,669.6,VENDCRED26,22891812,,"{""name"": ""Henry Schein"", ""internalId"": ""380"", ""externalId"": null, ""type"": null}",,669.6,"{""name"": ""USD"", ""internalId"": ""1"", ""externalId"": null, ""type"": null}",USD,"{""nullFieldList"": null, ""internalId"": ""182"", ""country"": ""_unitedStates"", ""attention"": null, ""addressee"": ""Henry Schein"", ""addrPhone"": null, ""addr1"": ""Dept CH 10241"", ""addr2"": null, ""addr3"": null, ""city"": ""Palatine"", ""state"": ""IL"", ""zip"": ""60055-0241"", ""addrText"": ""Bill-to"", ""override"": true, ""customFieldList"": null}",2024-03-31T22:00:00-07:00,1.0,,,,"{""name"": ""Apr 2024"", ""internalId"": ""96"", ""externalId"": null, ""type"": null}",Unused medication returned to vendor,,,,"{""name"": ""Pinnacle Spine and Orthopedic, PLLC"", ""internalId"": ""4"", ""externalId"": null, ""type"": null}",,,,,,"{""customField"": [{""value"": {""name"": ""No"", ""internalId"": ""2"", ""externalId"": null, ""typeId"": ""118""}, ""internalId"": ""198"", ""scriptId"": ""custbody_atlas_no_hdn""}, {""value"": {""name"": ""Yes"", ""internalId"": ""1"", ""externalId"": null, ""typeId"": ""118""}, ""internalId"": ""197"", ""scriptId"": ""custbody_atlas_yes_hdn""}, {""value"": false, ""internalId"": ""1179"", ""scriptId"": ""custbody_cps_bdc_lastupdatedbyimport""}, {""value"": false, ""internalId"": ""1190"", ""scriptId"": ""custbody_cps_bdc_paidbillupdated""}]}",474152,vcr02FZPLBTDJWP3wqsr
,2024-04-24T07:54:10-07:00,2024-05-21T07:15:45-07:00,,,,,,"{""name"": ""21100 Accounts Payable"", ""internalId"": ""111"", ""externalId"": null, ""type"": null}",0.0,,,635.93,VENDCRED27,22891745,,"{""name"": ""Henry Schein"", ""internalId"": ""380"", ""externalId"": null, ""type"": null}",,635.93,"{""name"": ""USD"", ""internalId"": ""1"", ""externalId"": null, ""type"": null}",USD,"{""nullFieldList"": null, ""internalId"": ""182"", ""country"": ""_unitedStates"", ""attention"": null, ""addressee"": ""Henry Schein"", ""addrPhone"": null, ""addr1"": ""Dept CH 10241"", ""addr2"": null, ""addr3"": null, ""city"": ""Palatine"", ""state"": ""IL"", ""zip"": ""60055-0241"", ""addrText"": ""Bill-to"", ""override"": true, ""customFieldList"": null}",2024-03-31T22:00:00-07:00,1.0,,,,"{""name"": ""Apr 2024"", ""internalId"": ""96"", ""externalId"": null, ""type"": null}",Unused medication returned,,,,"{""name"": ""Sun Valley Orthopedic and Spine, PLLC"", ""internalId"": ""6"", ""externalId"": null, ""type"": null}",,,,,,"{""customField"": [{""value"": {""name"": ""No"", ""internalId"": ""2"", ""externalId"": null, ""typeId"": ""118""}, ""internalId"": ""198"", ""scriptId"": ""custbody_atlas_no_hdn""}, {""value"": {""name"": ""Yes"", ""internalId"": ""1"", ""externalId"": null, ""typeId"": ""118""}, ""internalId"": ""197"", ""scriptId"": ""custbody_atlas_yes_hdn""}, {""value"": false, ""internalId"": ""1179"", ""scriptId"": ""custbody_cps_bdc_lastupdatedbyimport""}, {""value"": false, ""internalId"": ""1190"", ""scriptId"": ""custbody_cps_bdc_paidbillupdated""}]}",474341,vcr02ARREYCDHGX3wqv5
,2024-04-24T07:54:16-07:00,2024-05-21T07:15:41-07:00,,,,,,"{""name"": ""21100 Accounts Payable"", ""internalId"": ""111"", ""externalId"": null, ""type"": null}",0.0,,,403.51,VENDCRED28,22891746,,"{""name"": ""Henry Schein"", ""internalId"": ""380"", ""externalId"": null, ""type"": null}",,403.51,"{""name"": ""USD"", ""internalId"": ""1"", ""externalId"": null, ""type"": null}",USD,"{""nullFieldList"": null, ""internalId"": ""182"", ""country"": ""_unitedStates"", ""attention"": null, ""addressee"": ""Henry Schein"", ""addrPhone"": null, ""addr1"": ""Dept CH 10241"", ""addr2"": null, ""addr3"": null, ""city"": ""Palatine"", ""state"": ""IL"", ""zip"": ""60055-0241"", ""addrText"": ""Bill-to"", ""override"": true, ""customFieldList"": null}",2024-03-31T22:00:00-07:00,1.0,,,,"{""name"": ""Apr 2024"", ""internalId"": ""96"", ""externalId"": null, ""type"": null}",Unused medication returned,,,,"{""name"": ""Sun Valley Orthopedic and Spine, PLLC"", ""internalId"": ""6"", ""externalId"": null, ""type"": null}",,,,,,"{""customField"": [{""value"": {""name"": ""No"", ""internalId"": ""2"", ""externalId"": null, ""typeId"": ""118""}, ""internalId"": ""198"", ""scriptId"": ""custbody_atlas_no_hdn""}, {""value"": {""name"": ""Yes"", ""internalId"": ""1"", ""externalId"": null, ""typeId"": ""118""}, ""internalId"": ""197"", ""scriptId"": ""custbody_atlas_yes_hdn""}, {""value"": false, ""internalId"": ""1179"", ""scriptId"": ""custbody_cps_bdc_lastupdatedbyimport""}, {""value"": false, ""internalId"": ""1190"", ""scriptId"": ""custbody_cps_bdc_paidbillupdated""}]}",474342,vcr02GFQEDBAYPG3wqva
,2024-04-25T02:22:04-07:00,2024-05-03T02:58:18-07:00,,,,,,"{""name"": ""21100 Accounts Payable"", ""internalId"": ""111"", ""externalId"": null, ""type"": null}",0.0,,,1.41,VENDCRED29,22924269,,"{""name"": ""Henry Schein"", ""internalId"": ""380"", ""externalId"": null, ""type"": null}",,1.41,"{""name"": ""USD"", ""internalId"": ""1"", ""externalId"": null, ""type"": null}",USD,"{""nullFieldList"": null, ""internalId"": ""182"", ""country"": ""_unitedStates"", ""attention"": null, ""addressee"": ""Henry Schein"", ""addrPhone"": null, ""addr1"": ""Dept CH 10241"", ""addr2"": null, ""addr3"": null, ""city"": ""Palatine"", ""state"": ""IL"", ""zip"": ""60055-0241"", ""addrText"": ""Bill-to"", ""override"": true, ""customFieldList"": null}",2024-04-14T22:00:00-07:00,1.0,,,,"{""name"": ""Apr 2024"", ""internalId"": ""96"", ""externalId"": null, ""type"": null}",incorrect tax amount charged,,,,"{""name"": ""West Texas Spine Institute, PLLC"", ""internalId"": ""16"", ""externalId"": null, ""type"": null}",,,,,,"{""customField"": [{""value"": {""name"": ""No"", ""internalId"": ""2"", ""externalId"": null, ""typeId"": ""118""}, ""internalId"": ""198"", ""scriptId"": ""custbody_atlas_no_hdn""}, {""value"": {""name"": ""Yes"", ""internalId"": ""1"", ""externalId"": null, ""typeId"": ""118""}, ""internalId"": ""197"", ""scriptId"": ""custbody_atlas_yes_hdn""}, {""value"": false, ""internalId"": ""1179"", ""scriptId"": ""custbody_cps_bdc_lastupdatedbyimport""}, {""value"": false, ""internalId"": ""1190"", ""scriptId"": ""custbody_cps_bdc_paidbillupdated""}]}",474533,vcr02YVBNDUTWST3xhlg
,2024-04-25T02:22:09-07:00,2024-05-03T02:58:25-07:00,,,,,,"{""name"": ""21100 Accounts Payable"", ""internalId"": ""111"", ""externalId"": null, ""type"": null}",0.0,,,0.67,VENDCRED30,22924268,,"{""name"": ""Henry Schein"", ""internalId"": ""380"", ""externalId"": null, ""type"": null}",,0.67,"{""name"": ""USD"", ""internalId"": ""1"", ""externalId"": null, ""type"": null}",USD,"{""nullFieldList"": null, ""internalId"": ""182"", ""country"": ""_unitedStates"", ""attention"": null, ""addressee"": ""Henry Schein"", ""addrPhone"": null, ""addr1"": ""Dept CH 10241"", ""addr2"": null, ""addr3"": null, ""city"": ""Palatine"", ""state"": ""IL"", ""zip"": ""60055-0241"", ""addrText"": ""Bill-to"", ""override"": true, ""customFieldList"": null}",2024-04-14T22:00:00-07:00,1.0,,,,"{""name"": ""Apr 2024"", ""internalId"": ""96"", ""externalId"": null, ""type"": null}",incorrect tax amount charged,,,,"{""name"": ""West Texas Spine Institute, PLLC"", ""internalId"": ""16"", ""externalId"": null, ""type"": null}",,,,,,"{""customField"": [{""value"": {""name"": ""No"", ""internalId"": ""2"", ""externalId"": null, ""typeId"": ""118""}, ""internalId"": ""198"", ""scriptId"": ""custbody_atlas_no_hdn""}, {""value"": {""name"": ""Yes"", ""internalId"": ""1"", ""externalId"": null, ""typeId"": ""118""}, ""internalId"": ""197"", ""scriptId"": ""custbody_atlas_yes_hdn""}, {""value"": false, ""internalId"": ""1179"", ""scriptId"": ""custbody_cps_bdc_lastupdatedbyimport""}, {""value"": false, ""internalId"": ""1190"", ""scriptId"": ""custbody_cps_bdc_paidbillupdated""}]}",474534,vcr02OATPRAMCVS3xhlm
,2024-04-25T02:22:11-07:00,2024-05-03T02:58:20-07:00,,,,,,"{""name"": ""21100 Accounts Payable"", ""internalId"": ""111"", ""externalId"": null, ""type"": null}",0.0,,,0.63,VENDCRED31,22924267,,"{""name"": ""Henry Schein"", ""internalId"": ""380"", ""externalId"": null, ""type"": null}",,0.63,"{""name"": ""USD"", ""internalId"": ""1"", ""externalId"": null, ""type"": null}",USD,"{""nullFieldList"": null, ""internalId"": ""182"", ""country"": ""_unitedStates"", ""attention"": null, ""addressee"": ""Henry Schein"", ""addrPhone"": null, ""addr1"": ""Dept CH 10241"", ""addr2"": null, ""addr3"": null, ""city"": ""Palatine"", ""state"": ""IL"", ""zip"": ""60055-0241"", ""addrText"": ""Bill-to"", ""override"": true, ""customFieldList"": null}",2024-04-14T22:00:00-07:00,1.0,,,,"{""name"": ""Apr 2024"", ""internalId"": ""96"", ""externalId"": null, ""type"": null}",incorrect tax amount charged,,,,"{""name"": ""West Texas Spine Institute, PLLC"", ""internalId"": ""16"", ""externalId"": null, ""type"": null}",,,,,,"{""customField"": [{""value"": {""name"": ""No"", ""internalId"": ""2"", ""externalId"": null, ""typeId"": ""118""}, ""internalId"": ""198"", ""scriptId"": ""custbody_atlas_no_hdn""}, {""value"": {""name"": ""Yes"", ""internalId"": ""1"", ""externalId"": null, ""typeId"": ""118""}, ""internalId"": ""197"", ""scriptId"": ""custbody_atlas_yes_hdn""}, {""value"": false, ""internalId"": ""1179"", ""scriptId"": ""custbody_cps_bdc_lastupdatedbyimport""}, {""value"": false, ""internalId"": ""1190"", ""scriptId"": ""custbody_cps_bdc_paidbillupdated""}]}",474535,vcr02EHZNHMIKWT3xhm1
,2024-04-25T05:06:00-07:00,2024-05-10T00:11:39-07:00,,,,,,"{""name"": ""21100 Accounts Payable"", ""internalId"": ""111"", ""externalId"": null, ""type"": null}",0.0,,,0.88,VENDCRED32,22924299,,"{""name"": ""Henry Schein"", ""internalId"": ""380"", ""externalId"": null, ""type"": null}",,0.88,"{""name"": ""USD"", ""internalId"": ""1"", ""externalId"": null, ""type"": null}",USD,"{""nullFieldList"": null, ""internalId"": ""182"", ""country"": ""_unitedStates"", ""attention"": null, ""addressee"": ""Henry Schein"", ""addrPhone"": null, ""addr1"": ""Dept CH 10241"", ""addr2"": null, ""addr3"": null, ""city"": ""Palatine"", ""state"": ""IL"", ""zip"": ""60055-0241"", ""addrText"": ""Bill-to"", ""override"": true, ""customFieldList"": null}",2024-04-14T22:00:00-07:00,1.0,,,,"{""name"": ""Apr 2024"", ""internalId"": ""96"", ""externalId"": null, ""type"": null}",incorrect tax amount charged,,,,"{""name"": ""The SOAR Institute, PLLC"", ""internalId"": ""15"", ""externalId"": null, ""type"": null}",,,,,,"{""customField"": [{""value"": {""name"": ""No"", ""internalId"": ""2"", ""externalId"": null, ""typeId"": ""118""}, ""internalId"": ""198"", ""scriptId"": ""custbody_atlas_no_hdn""}, {""value"": {""name"": ""Yes"", ""internalId"": ""1"", ""externalId"": null, ""typeId"": ""118""}, ""internalId"": ""197"", ""scriptId"": ""custbody_atlas_yes_hdn""}, {""value"": false, ""internalId"": ""1179"", ""scriptId"": ""custbody_cps_bdc_lastupdatedbyimport""}, {""value"": false, ""internalId"": ""1190"", ""scriptId"": ""custbody_cps_bdc_paidbillupdated""}]}",474732,vcr02SSYDNRCAYE3xh3r
,2024-04-25T05:06:02-07:00,2024-05-10T00:11:40-07:00,,,,,,"{""name"": ""21100 Accounts Payable"", ""internalId"": ""111"", ""externalId"": null, ""type"": null}",0.0,,,1.11,VENDCRED33,22924300,,"{""name"": ""Henry Schein"", ""internalId"": ""380"", ""externalId"": null, ""type"": null}",,1.11,"{""name"": ""USD"", ""internalId"": ""1"", ""externalId"": null, ""type"": null}",USD,"{""nullFieldList"": null, ""internalId"": ""182"", ""country"": ""_unitedStates"", ""attention"": null, ""addressee"": ""Henry Schein"", ""addrPhone"": null, ""addr1"": ""Dept CH 10241"", ""addr2"": null, ""addr3"": null, ""city"": ""Palatine"", ""state"": ""IL"", ""zip"": ""60055-0241"", ""addrText"": ""Bill-to"", ""override"": true, ""customFieldList"": null}",2024-04-14T22:00:00-07:00,1.0,,,,"{""name"": ""Apr 2024"", ""internalId"": ""96"", ""externalId"": null, ""type"": null}",incorrect tax amount charged,,,,"{""name"": ""The SOAR Institute, PLLC"", ""internalId"": ""15"", ""externalId"": null, ""type"": null}",,,,,,"{""customField"": [{""value"": {""name"": ""No"", ""internalId"": ""2"", ""externalId"": null, ""typeId"": ""118""}, ""internalId"": ""198"", ""scriptId"": ""custbody_atlas_no_hdn""}, {""value"": {""name"": ""Yes"", ""internalId"": ""1"", ""externalId"": null, ""typeId"": ""118""}, ""internalId"": ""197"", ""scriptId"": ""custbody_atlas_yes_hdn""}, {""value"": false, ""internalId"": ""1179"", ""scriptId"": ""custbody_cps_bdc_lastupdatedbyimport""}, {""value"": false, ""internalId"": ""1190"", ""scriptId"": ""custbody_cps_bdc_paidbillupdated""}]}",474733,vcr02XTUYQGEYBR3xh3v
,2024-04-26T06:33:37-07:00,2024-07-29T07:01:42-07:00,,,,,,"{""name"": ""21100 Accounts Payable"", ""internalId"": ""111"", ""externalId"": null, ""type"": null}",0.0,,,376.13,VENDCRED35,0002894755,,"{""name"": ""eClinicalWorks, LLC"", ""internalId"": ""556"", ""externalId"": null, ""type"": null}",,376.13,"{""name"": ""USD"", ""internalId"": ""1"", ""externalId"": null, ""type"": null}",USD,"{""nullFieldList"": null, ""internalId"": ""358"", ""country"": ""_unitedStates"", ""attention"": null, ""addressee"": ""eClinicalWorks, LLC"", ""addrPhone"": null, ""addr1"": ""2 Technology Dr"", ""addr2"": null, ""addr3"": null, ""city"": ""Westborough"", ""state"": ""MA"", ""zip"": ""1581"", ""addrText"": ""Bill-to"", ""override"": true, ""customFieldList"": null}",2024-03-15T22:00:00-07:00,1.0,,,,"{""name"": ""Mar 2024"", ""internalId"": ""94"", ""externalId"": null, ""type"": null}",Removed 1 FTE Pedersen Heather effective 02.01.24,,,,"{""name"": ""Traumatic Brain Injury Institute DBA: Neuro Performance Injury Center, PLLC"", ""internalId"": ""22"", ""externalId"": null, ""type"": null}",,,,,,"{""customField"": [{""value"": {""name"": ""No"", ""internalId"": ""2"", ""externalId"": null, ""typeId"": ""118""}, ""internalId"": ""198"", ""scriptId"": ""custbody_atlas_no_hdn""}, {""value"": {""name"": ""Yes"", ""internalId"": ""1"", ""externalId"": null, ""typeId"": ""118""}, ""internalId"": ""197"", ""scriptId"": ""custbody_atlas_yes_hdn""}, {""value"": false, ""internalId"": ""1179"", ""scriptId"": ""custbody_cps_bdc_lastupdatedbyimport""}, {""value"": false, ""internalId"": ""1190"", ""scriptId"": ""custbody_cps_bdc_paidbillupdated""}]}",478024,vcr02RBUZBFAKGA3xhgg
,2024-04-26T07:02:01-07:00,2024-05-20T14:41:29-07:00,,,,,,"{""name"": ""21100 Accounts Payable"", ""internalId"": ""111"", ""externalId"": null, ""type"": null}",0.0,,,266.58,VENDCRED36,22930141,,"{""name"": ""Henry Schein"", ""internalId"": ""380"", ""externalId"": null, ""type"": null}",,266.58,"{""name"": ""USD"", ""internalId"": ""1"", ""externalId"": null, ""type"": null}",USD,"{""nullFieldList"": null, ""internalId"": ""182"", ""country"": ""_unitedStates"", ""attention"": null, ""addressee"": ""Henry Schein"", ""addrPhone"": null, ""addr1"": ""Dept CH 10241"", ""addr2"": null, ""addr3"": null, ""city"": ""Palatine"", ""state"": ""IL"", ""zip"": ""60055-0241"", ""addrText"": ""Bill-to"", ""override"": true, ""customFieldList"": null}",2024-04-16T22:00:00-07:00,1.0,,,,"{""name"": ""Apr 2024"", ""internalId"": ""96"", ""externalId"": null, ""type"": null}",Unused medication returned to vendor,,,,"{""name"": ""Pinnacle Spine and Orthopedic, PLLC"", ""internalId"": ""4"", ""externalId"": null, ""type"": null}",,,,,,"{""customField"": [{""value"": {""name"": ""No"", ""internalId"": ""2"", ""externalId"": null, ""typeId"": ""118""}, ""internalId"": ""198"", ""scriptId"": ""custbody_atlas_no_hdn""}, {""value"": {""name"": ""Yes"", ""internalId"": ""1"", ""externalId"": null, ""typeId"": ""118""}, ""internalId"": ""197"", ""scriptId"": ""custbody_atlas_yes_hdn""}, {""value"": false, ""internalId"": ""1179"", ""scriptId"": ""custbody_cps_bdc_lastupdatedbyimport""}, {""value"": false, ""internalId"": ""1190"", ""scriptId"": ""custbody_cps_bdc_paidbillupdated""}]}",478133,vcr02MXLOTCKWJZ3xh1r
,2024-04-29T11:46:07-07:00,2024-07-18T11:35:09-07:00,,,,,,"{""name"": ""21100 Accounts Payable"", ""internalId"": ""111"", ""externalId"": null, ""type"": null}",0.0,,,586.83,VENDCRED37,April 2024,,"{""name"": ""Ameritas Life Insurance Corp"", ""internalId"": ""571985"", ""externalId"": null, ""type"": null}",,586.83,"{""name"": ""USD"", ""internalId"": ""1"", ""externalId"": null, ""type"": null}",USD,"{""nullFieldList"": null, ""internalId"": ""27190"", ""country"": ""_unitedStates"", ""attention"": null, ""addressee"": ""Ameritas Life Insurance Corp"", ""addrPhone"": null, ""addr1"": ""PO Box 650730"", ""addr2"": null, ""addr3"": null, ""city"": ""Dallas"", ""state"": ""TX"", ""zip"": ""75265"", ""addrText"": ""Ameritas Life Insurance Corp<br>PO Box 650730<br>Dallas TX 75265<br>United States"", ""override"": false, ""customFieldList"": null}",2024-04-28T22:00:00-07:00,1.0,,,,"{""name"": ""Apr 2024"", ""internalId"": ""96"", ""externalId"": null, ""type"": null}",030-12708,,,,"{""name"": ""Armina Healthcare, LLC"", ""internalId"": ""27"", ""externalId"": null, ""type"": null}",,,,,,"{""customField"": [{""value"": {""name"": ""No"", ""internalId"": ""2"", ""externalId"": null, ""typeId"": ""118""}, ""internalId"": ""198"", ""scriptId"": ""custbody_atlas_no_hdn""}, {""value"": {""name"": ""Yes"", ""internalId"": ""1"", ""externalId"": null, ""typeId"": ""118""}, ""internalId"": ""197"", ""scriptId"": ""custbody_atlas_yes_hdn""}, {""value"": false, ""internalId"": ""1179"", ""scriptId"": ""custbody_cps_bdc_lastupdatedbyimport""}, {""value"": false, ""internalId"": ""1190"", ""scriptId"": ""custbody_cps_bdc_paidbillupdated""}]}",479947,vcr02KNYEOBQJUO3y69g
,2024-06-05T03:57:21-07:00,2024-07-04T10:41:44-07:00,,,,,,"{""name"": ""21100 Accounts Payable"", ""internalId"": ""111"", ""externalId"": null, ""type"": null}",0.0,,,919.5,VENDCRED38,May rent paid twice for the amount of $919.5,,"{""name"": ""Leis 'Ohana Hui Family Partnership, Ltd"", ""internalId"": ""619309"", ""externalId"": null, ""type"": null}",,919.5,"{""name"": ""USD"", ""internalId"": ""1"", ""externalId"": null, ""type"": null}",USD,"{""nullFieldList"": null, ""internalId"": ""29907"", ""country"": ""_unitedStates"", ""attention"": null, ""addressee"": ""Leis 'Ohana Hui Family Partnership, Ltd"", ""addrPhone"": null, ""addr1"": ""1919 South Shiloh Road"", ""addr2"": ""LB 36, Suite 612"", ""addr3"": null, ""city"": ""Garland"", ""state"": ""TX"", ""zip"": ""75042"", ""addrText"": ""Leis 'Ohana Hui Family Partnership, Ltd<br>1919 South Shiloh Road<br>LB 36, Suite 612<br>Garland TX 75042<br>United States"", ""override"": false, ""customFieldList"": null}",2024-06-03T22:00:00-07:00,1.0,,,,"{""name"": ""Jun 2024"", ""internalId"": ""98"", ""externalId"": null, ""type"": null}",Double payment of May rent,,,,"{""name"": ""The SOAR Institute, PLLC"", ""internalId"": ""15"", ""externalId"": null, ""type"": null}",,,,,,"{""customField"": [{""value"": {""name"": ""No"", ""internalId"": ""2"", ""externalId"": null, ""typeId"": ""118""}, ""internalId"": ""198"", ""scriptId"": ""custbody_atlas_no_hdn""}, {""value"": {""name"": ""Yes"", ""internalId"": ""1"", ""externalId"": null, ""typeId"": ""118""}, ""internalId"": ""197"", ""scriptId"": ""custbody_atlas_yes_hdn""}, {""value"": false, ""internalId"": ""1179"", ""scriptId"": ""custbody_cps_bdc_lastupdatedbyimport""}, {""value"": false, ""internalId"": ""1190"", ""scriptId"": ""custbody_cps_bdc_paidbillupdated""}]}",499696,vcr02HSNPMPKGUY43kxw
,2024-06-11T03:30:50-07:00,2024-06-14T03:45:00-07:00,,,,,,"{""name"": ""21100 Accounts Payable"", ""internalId"": ""111"", ""externalId"": null, ""type"": null}",0.0,,,178.78,VENDCRED39,23016974,,"{""name"": ""Henry Schein"", ""internalId"": ""380"", ""externalId"": null, ""type"": null}",,178.78,"{""name"": ""USD"", ""internalId"": ""1"", ""externalId"": null, ""type"": null}",USD,"{""nullFieldList"": null, ""internalId"": ""182"", ""country"": ""_unitedStates"", ""attention"": null, ""addressee"": ""Henry Schein"", ""addrPhone"": null, ""addr1"": ""Dept CH 10241"", ""addr2"": null, ""addr3"": null, ""city"": ""Palatine"", ""state"": ""IL"", ""zip"": ""60055-0241"", ""addrText"": ""Bill-to"", ""override"": true, ""customFieldList"": null}",2024-06-09T22:00:00-07:00,1.0,,,,"{""name"": ""Jun 2024"", ""internalId"": ""98"", ""externalId"": null, ""type"": null}",,,,,"{""name"": ""West Texas Spine Institute, PLLC"", ""internalId"": ""16"", ""externalId"": null, ""type"": null}",,,,,,"{""customField"": [{""value"": {""name"": ""No"", ""internalId"": ""2"", ""externalId"": null, ""typeId"": ""118""}, ""internalId"": ""198"", ""scriptId"": ""custbody_atlas_no_hdn""}, {""value"": {""name"": ""Yes"", ""internalId"": ""1"", ""externalId"": null, ""typeId"": ""118""}, ""internalId"": ""197"", ""scriptId"": ""custbody_atlas_yes_hdn""}, {""value"": false, ""internalId"": ""1179"", ""scriptId"": ""custbody_cps_bdc_lastupdatedbyimport""}, {""value"": false, ""internalId"": ""1190"", ""scriptId"": ""custbody_cps_bdc_paidbillupdated""}]}",502055,vcr02QHQCTHWSVG44hwb
,2024-06-19T04:07:09-07:00,2024-07-12T05:56:46-07:00,,,,,,"{""name"": ""21100 Accounts Payable"", ""internalId"": ""111"", ""externalId"": null, ""type"": null}",0.0,,,18.4,VENDCRED40,23026539,,"{""name"": ""Henry Schein"", ""internalId"": ""380"", ""externalId"": null, ""type"": null}",,18.4,"{""name"": ""USD"", ""internalId"": ""1"", ""externalId"": null, ""type"": null}",USD,"{""nullFieldList"": null, ""internalId"": ""182"", ""country"": ""_unitedStates"", ""attention"": null, ""addressee"": ""Henry Schein"", ""addrPhone"": null, ""addr1"": ""Dept CH 10241"", ""addr2"": null, ""addr3"": null, ""city"": ""Palatine"", ""state"": ""IL"", ""zip"": ""60055-0241"", ""addrText"": ""Bill-to"", ""override"": true, ""customFieldList"": null}",2024-06-17T22:00:00-07:00,1.0,,,,"{""name"": ""Jun 2024"", ""internalId"": ""98"", ""externalId"": null, ""type"": null}",,,,,"{""name"": ""West Texas Spine Institute, PLLC"", ""internalId"": ""16"", ""externalId"": null, ""type"": null}",,,,,,"{""customField"": [{""value"": {""name"": ""No"", ""internalId"": ""2"", ""externalId"": null, ""typeId"": ""118""}, ""internalId"": ""198"", ""scriptId"": ""custbody_atlas_no_hdn""}, {""value"": {""name"": ""Yes"", ""internalId"": ""1"", ""externalId"": null, ""typeId"": ""118""}, ""internalId"": ""197"", ""scriptId"": ""custbody_atlas_yes_hdn""}, {""value"": false, ""internalId"": ""1179"", ""scriptId"": ""custbody_cps_bdc_lastupdatedbyimport""}, {""value"": false, ""internalId"": ""1190"", ""scriptId"": ""custbody_cps_bdc_paidbillupdated""}]}",505221,vcr02CXPNEOPONZ45uml
,2024-06-27T09:43:32-07:00,2024-08-02T08:34:53-07:00,,,,,,"{""name"": ""21100 Accounts Payable"", ""internalId"": ""111"", ""externalId"": null, ""type"": null}",0.0,,,399.79,VENDCRED41,263199004,,"{""name"": ""ImageFirst"", ""internalId"": ""443101"", ""externalId"": null, ""type"": null}",,399.79,"{""name"": ""USD"", ""internalId"": ""1"", ""externalId"": null, ""type"": null}",USD,"{""nullFieldList"": null, ""internalId"": ""34737"", ""country"": ""_unitedStates"", ""attention"": null, ""addressee"": ""IMAGE FIRST HEALTHCARE LAUNDRY SPECIALISTS"", ""addrPhone"": null, ""addr1"": ""PO Box 778933"", ""addr2"": null, ""addr3"": null, ""city"": ""Chicago"", ""state"": ""IL"", ""zip"": ""60677-8933"", ""addrText"": ""IMAGE FIRST HEALTHCARE LAUNDRY SPECIALISTS<br>PO Box 778933<br>Chicago IL 60677-8933<br>United States"", ""override"": false, ""customFieldList"": null}",2024-06-18T22:00:00-07:00,1.0,,,,"{""name"": ""Jun 2024"", ""internalId"": ""98"", ""externalId"": null, ""type"": null}",32-REMED000,,,,"{""name"": ""Surgical and Diagnostic Center, LP"", ""internalId"": ""40"", ""externalId"": null, ""type"": null}",,,,,,"{""customField"": [{""value"": {""name"": ""No"", ""internalId"": ""2"", ""externalId"": null, ""typeId"": ""118""}, ""internalId"": ""198"", ""scriptId"": ""custbody_atlas_no_hdn""}, {""value"": {""name"": ""Yes"", ""internalId"": ""1"", ""externalId"": null, ""typeId"": ""118""}, ""internalId"": ""197"", ""scriptId"": ""custbody_atlas_yes_hdn""}, {""value"": false, ""internalId"": ""1179"", ""scriptId"": ""custbody_cps_bdc_lastupdatedbyimport""}, {""value"": false, ""internalId"": ""1190"", ""scriptId"": ""custbody_cps_bdc_paidbillupdated""}]}",509499,vcr02TVLTYQCCLN46244
,2024-07-18T12:05:59-07:00,2024-07-29T07:01:48-07:00,,,,,,"{""name"": ""21100 Accounts Payable"", ""internalId"": ""111"", ""externalId"": null, ""type"": null}",0.0,,,215.42,VENDCRED42,0002970960,,"{""name"": ""eClinicalWorks, LLC"", ""internalId"": ""556"", ""externalId"": null, ""type"": null}",,215.42,"{""name"": ""USD"", ""internalId"": ""1"", ""externalId"": null, ""type"": null}",USD,"{""nullFieldList"": null, ""internalId"": ""358"", ""country"": ""_unitedStates"", ""attention"": null, ""addressee"": ""eClinicalWorks, LLC"", ""addrPhone"": null, ""addr1"": ""2 Technology Dr"", ""addr2"": null, ""addr3"": null, ""city"": ""Westborough"", ""state"": ""MA"", ""zip"": ""1581"", ""addrText"": ""Bill-to"", ""override"": true, ""customFieldList"": null}",2024-07-09T22:00:00-07:00,1.0,,,,"{""name"": ""Jul 2024"", ""internalId"": ""100"", ""externalId"": null, ""type"": null}",Removed 1 FTE Pedersen Heather effective 02.01.24,,,,"{""name"": ""Traumatic Brain Injury Institute DBA: Neuro Performance Injury Center, PLLC"", ""internalId"": ""22"", ""externalId"": null, ""type"": null}",,,,,,"{""customField"": [{""value"": {""name"": ""No"", ""internalId"": ""2"", ""externalId"": null, ""typeId"": ""118""}, ""internalId"": ""198"", ""scriptId"": ""custbody_atlas_no_hdn""}, {""value"": {""name"": ""Yes"", ""internalId"": ""1"", ""externalId"": null, ""typeId"": ""118""}, ""internalId"": ""197"", ""scriptId"": ""custbody_atlas_yes_hdn""}, {""value"": false, ""internalId"": ""1179"", ""scriptId"": ""custbody_cps_bdc_lastupdatedbyimport""}, {""value"": false, ""internalId"": ""1190"", ""scriptId"": ""custbody_cps_bdc_paidbillupdated""}]}",516140,vcr02YHAKKAQQLE48pik
,2024-08-14T09:08:50-07:00,2024-09-12T09:45:49-07:00,,,,,,"{""name"": ""21100 Accounts Payable"", ""internalId"": ""111"", ""externalId"": null, ""type"": null}",503.44,,,0.0,VENDCRED43,7372615183,,"{""name"": ""Cardinal Health Medical Products and Services"", ""internalId"": ""447708"", ""externalId"": null, ""type"": null}",,503.44,"{""name"": ""USD"", ""internalId"": ""1"", ""externalId"": null, ""type"": null}",USD,"{""nullFieldList"": null, ""internalId"": ""37458"", ""country"": ""_unitedStates"", ""attention"": null, ""addressee"": ""Cardinal Health 110, LLC"", ""addrPhone"": null, ""addr1"": ""5303 collections center drive"", ""addr2"": null, ""addr3"": null, ""city"": ""Chicago"", ""state"": ""IL"", ""zip"": ""60693"", ""addrText"": ""Cardinal Health 110, LLC<br>5303 collections center drive<br>Chicago IL 60693<br>United States"", ""override"": false, ""customFieldList"": null}",2024-08-06T22:00:00-07:00,1.0,,,,"{""name"": ""Aug 2024"", ""internalId"": ""101"", ""externalId"": null, ""type"": null}",,,,,"{""name"": ""Surgical and Diagnostic Center, LP"", ""internalId"": ""40"", ""externalId"": null, ""type"": null}",,,,,,"{""customField"": [{""value"": {""name"": ""No"", ""internalId"": ""2"", ""externalId"": null, ""typeId"": ""118""}, ""internalId"": ""198"", ""scriptId"": ""custbody_atlas_no_hdn""}, {""value"": {""name"": ""Yes"", ""internalId"": ""1"", ""externalId"": null, ""typeId"": ""118""}, ""internalId"": ""197"", ""scriptId"": ""custbody_atlas_yes_hdn""}, {""value"": false, ""internalId"": ""1179"", ""scriptId"": ""custbody_cps_bdc_lastupdatedbyimport""}, {""value"": false, ""internalId"": ""1190"", ""scriptId"": ""custbody_cps_bdc_paidbillupdated""}]}",524822,vcr02UIQXJSCDOF4d5sm
,2024-08-14T09:08:56-07:00,2024-09-12T09:45:36-07:00,,,,,,"{""name"": ""21100 Accounts Payable"", ""internalId"": ""111"", ""externalId"": null, ""type"": null}",34.25,,,0.0,VENDCRED44,7370204068,,"{""name"": ""Cardinal Health Medical Products and Services"", ""internalId"": ""447708"", ""externalId"": null, ""type"": null}",,34.25,"{""name"": ""USD"", ""internalId"": ""1"", ""externalId"": null, ""type"": null}",USD,"{""nullFieldList"": null, ""internalId"": ""37458"", ""country"": ""_unitedStates"", ""attention"": null, ""addressee"": ""Cardinal Health 110, LLC"", ""addrPhone"": null, ""addr1"": ""5303 collections center drive"", ""addr2"": null, ""addr3"": null, ""city"": ""Chicago"", ""state"": ""IL"", ""zip"": ""60693"", ""addrText"": ""Cardinal Health 110, LLC<br>5303 collections center drive<br>Chicago IL 60693<br>United States"", ""override"": false, ""customFieldList"": null}",2024-08-06T22:00:00-07:00,1.0,,,,"{""name"": ""Aug 2024"", ""internalId"": ""101"", ""externalId"": null, ""type"": null}",,,,,"{""name"": ""Surgical and Diagnostic Center, LP"", ""internalId"": ""40"", ""externalId"": null, ""type"": null}",,,,,,"{""customField"": [{""value"": {""name"": ""No"", ""internalId"": ""2"", ""externalId"": null, ""typeId"": ""118""}, ""internalId"": ""198"", ""scriptId"": ""custbody_atlas_no_hdn""}, {""value"": {""name"": ""Yes"", ""internalId"": ""1"", ""externalId"": null, ""typeId"": ""118""}, ""internalId"": ""197"", ""scriptId"": ""custbody_atlas_yes_hdn""}, {""value"": false, ""internalId"": ""1179"", ""scriptId"": ""custbody_cps_bdc_lastupdatedbyimport""}, {""value"": false, ""internalId"": ""1190"", ""scriptId"": ""custbody_cps_bdc_paidbillupdated""}]}",524823,vcr02HSREDSVFUK4d5ss
,2024-09-09T06:05:57-07:00,2024-09-30T14:41:10-07:00,,,,,,"{""name"": ""21100 Accounts Payable"", ""internalId"": ""111"", ""externalId"": null, ""type"": null}",0.0,,,2125.0,VENDCRED45,Jessica Dosal Freyre over paid credit,,"{""name"": ""Discovery Life Care Planning & Vocational Rehabilitation, LLC"", ""internalId"": ""443696"", ""externalId"": null, ""type"": null}",,2125.0,"{""name"": ""USD"", ""internalId"": ""1"", ""externalId"": null, ""type"": null}",USD,"{""nullFieldList"": null, ""internalId"": ""19925"", ""country"": ""_unitedStates"", ""attention"": null, ""addressee"": ""Discovery Life Care Planning & Vocational Rehabilitation, LLC"", ""addrPhone"": null, ""addr1"": ""P.O. Box 1028"", ""addr2"": null, ""addr3"": null, ""city"": ""Traverse City"", ""state"": ""MI"", ""zip"": ""49685"", ""addrText"": ""Discovery Life Care Planning & Vocational Rehabilitation, LLC<br>P.O. Box 1028<br>Traverse City MI 49685<br>United States"", ""override"": false, ""customFieldList"": null}",2024-08-29T22:00:00-07:00,1.0,,,,"{""name"": ""Aug 2024"", ""internalId"": ""101"", ""externalId"": null, ""type"": null}",,,,,"{""name"": ""Life Care Planners of America LLC"", ""internalId"": ""42"", ""externalId"": null, ""type"": null}",,,,,,"{""customField"": [{""value"": {""name"": ""No"", ""internalId"": ""2"", ""externalId"": null, ""typeId"": ""118""}, ""internalId"": ""198"", ""scriptId"": ""custbody_atlas_no_hdn""}, {""value"": {""name"": ""Yes"", ""internalId"": ""1"", ""externalId"": null, ""typeId"": ""118""}, ""internalId"": ""197"", ""scriptId"": ""custbody_atlas_yes_hdn""}, {""value"": false, ""internalId"": ""1179"", ""scriptId"": ""custbody_cps_bdc_lastupdatedbyimport""}, {""value"": false, ""internalId"": ""1190"", ""scriptId"": ""custbody_cps_bdc_paidbillupdated""}]}",529441,vcr02BRQZAINBXC4gg2g
,2024-09-09T06:06:02-07:00,2024-09-30T14:41:06-07:00,,,,,,"{""name"": ""21100 Accounts Payable"", ""internalId"": ""111"", ""externalId"": null, ""type"": null}",0.0,,,6375.0,VENDCRED46,Angel Escober cancelled Case credit,,"{""name"": ""Discovery Life Care Planning & Vocational Rehabilitation, LLC"", ""internalId"": ""443696"", ""externalId"": null, ""type"": null}",,6375.0,"{""name"": ""USD"", ""internalId"": ""1"", ""externalId"": null, ""type"": null}",USD,"{""nullFieldList"": null, ""internalId"": ""19925"", ""country"": ""_unitedStates"", ""attention"": null, ""addressee"": ""Discovery Life Care Planning & Vocational Rehabilitation, LLC"", ""addrPhone"": null, ""addr1"": ""P.O. Box 1028"", ""addr2"": null, ""addr3"": null, ""city"": ""Traverse City"", ""state"": ""MI"", ""zip"": ""49685"", ""addrText"": ""Discovery Life Care Planning & Vocational Rehabilitation, LLC<br>P.O. Box 1028<br>Traverse City MI 49685<br>United States"", ""override"": false, ""customFieldList"": null}",2024-08-29T22:00:00-07:00,1.0,,,,"{""name"": ""Aug 2024"", ""internalId"": ""101"", ""externalId"": null, ""type"": null}",,,,,"{""name"": ""Life Care Planners of America LLC"", ""internalId"": ""42"", ""externalId"": null, ""type"": null}",,,,,,"{""customField"": [{""value"": {""name"": ""No"", ""internalId"": ""2"", ""externalId"": null, ""typeId"": ""118""}, ""internalId"": ""198"", ""scriptId"": ""custbody_atlas_no_hdn""}, {""value"": {""name"": ""Yes"", ""internalId"": ""1"", ""externalId"": null, ""typeId"": ""118""}, ""internalId"": ""197"", ""scriptId"": ""custbody_atlas_yes_hdn""}, {""value"": false, ""internalId"": ""1179"", ""scriptId"": ""custbody_cps_bdc_lastupdatedbyimport""}, {""value"": false, ""internalId"": ""1190"", ""scriptId"": ""custbody_cps_bdc_paidbillupdated""}]}",529442,vcr02XSGHRICSBW4gg2r
,2024-09-23T06:58:12-07:00,2024-10-02T14:29:29-07:00,,,,,,"{""name"": ""21100 Accounts Payable"", ""internalId"": ""111"", ""externalId"": null, ""type"": null}",5752.17,,,0.0,VENDCRED47,001,,"{""name"": ""ASE Imaging Solutions INC"", ""internalId"": ""683162"", ""externalId"": null, ""type"": null}",,5752.17,"{""name"": ""USD"", ""internalId"": ""1"", ""externalId"": null, ""type"": null}",USD,"{""nullFieldList"": null, ""internalId"": ""37662"", ""country"": ""_unitedStates"", ""attention"": null, ""addressee"": ""ASE Imaging solutions"", ""addrPhone"": null, ""addr1"": ""PO Box 3008"", ""addr2"": null, ""addr3"": null, ""city"": ""Waxahachie"", ""state"": ""TX"", ""zip"": ""75168"", ""addrText"": ""ASE Imaging solutions<br>PO Box 3008<br>Waxahachie TX 75168<br>United States"", ""override"": false, ""customFieldList"": null}",2024-08-31T22:00:00-07:00,1.0,,,,"{""name"": ""Sep 2024"", ""internalId"": ""102"", ""externalId"": null, ""type"": null}",,,,,"{""name"": ""Avalon Imaging, LLC"", ""internalId"": ""35"", ""externalId"": null, ""type"": null}",,,,,,"{""customField"": [{""value"": {""name"": ""No"", ""internalId"": ""2"", ""externalId"": null, ""typeId"": ""118""}, ""internalId"": ""198"", ""scriptId"": ""custbody_atlas_no_hdn""}, {""value"": {""name"": ""Yes"", ""internalId"": ""1"", ""externalId"": null, ""typeId"": ""118""}, ""internalId"": ""197"", ""scriptId"": ""custbody_atlas_yes_hdn""}, {""value"": false, ""internalId"": ""1179"", ""scriptId"": ""custbody_cps_bdc_lastupdatedbyimport""}, {""value"": false, ""internalId"": ""1190"", ""scriptId"": ""custbody_cps_bdc_paidbillupdated""}]}",534746,vcr02RSKJAIHXIC4hpxf
,2024-09-23T09:59:46-07:00,2024-09-23T13:04:18-07:00,,,,,,"{""name"": ""21100 Accounts Payable"", ""internalId"": ""111"", ""externalId"": null, ""type"": null}",143.67,,,0.0,VENDCRED48,7388677615,,"{""name"": ""Cardinal Health Medical Products and Services"", ""internalId"": ""447708"", ""externalId"": null, ""type"": null}",,143.67,"{""name"": ""USD"", ""internalId"": ""1"", ""externalId"": null, ""type"": null}",USD,"{""nullFieldList"": null, ""internalId"": ""37458"", ""country"": ""_unitedStates"", ""attention"": null, ""addressee"": ""Cardinal Health 110, LLC"", ""addrPhone"": null, ""addr1"": ""5303 collections center drive"", ""addr2"": null, ""addr3"": null, ""city"": ""Chicago"", ""state"": ""IL"", ""zip"": ""60693"", ""addrText"": ""Cardinal Health 110, LLC<br>5303 collections center drive<br>Chicago IL 60693<br>United States"", ""override"": false, ""customFieldList"": null}",2024-09-09T22:00:00-07:00,1.0,,,,"{""name"": ""Sep 2024"", ""internalId"": ""102"", ""externalId"": null, ""type"": null}",,,,,"{""name"": ""Surgical and Diagnostic Center, LP"", ""internalId"": ""40"", ""externalId"": null, ""type"": null}",,,,,,"{""customField"": [{""value"": {""name"": ""No"", ""internalId"": ""2"", ""externalId"": null, ""typeId"": ""118""}, ""internalId"": ""198"", ""scriptId"": ""custbody_atlas_no_hdn""}, {""value"": {""name"": ""Yes"", ""internalId"": ""1"", ""externalId"": null, ""typeId"": ""118""}, ""internalId"": ""197"", ""scriptId"": ""custbody_atlas_yes_hdn""}, {""value"": false, ""internalId"": ""1179"", ""scriptId"": ""custbody_cps_bdc_lastupdatedbyimport""}, {""value"": false, ""internalId"": ""1190"", ""scriptId"": ""custbody_cps_bdc_paidbillupdated""}]}",534938,vcr02AGZPFYFSPS4hq3w
,2024-11-12T06:57:45-08:00,2024-11-12T07:56:51-08:00,,,,,,"{""name"": ""21100 Accounts Payable"", ""internalId"": ""111"", ""externalId"": null, ""type"": null}",95.61,,,0.0,VENDCRED49,7394665245,,"{""name"": ""Cardinal Health Medical Products and Services"", ""internalId"": ""447708"", ""externalId"": null, ""type"": null}",,95.61,"{""name"": ""USD"", ""internalId"": ""1"", ""externalId"": null, ""type"": null}",USD,"{""nullFieldList"": null, ""internalId"": ""37458"", ""country"": ""_unitedStates"", ""attention"": null, ""addressee"": ""Cardinal Health 110, LLC"", ""addrPhone"": null, ""addr1"": ""5303 collections center drive"", ""addr2"": null, ""addr3"": null, ""city"": ""Chicago"", ""state"": ""IL"", ""zip"": ""60693"", ""addrText"": ""Cardinal Health 110, LLC<br>5303 collections center drive<br>Chicago IL 60693<br>United States"", ""override"": false, ""customFieldList"": null}",2024-10-29T22:00:00-07:00,1.0,,,,"{""name"": ""Oct 2024"", ""internalId"": ""104"", ""externalId"": null, ""type"": null}",,,,,"{""name"": ""Surgical and Diagnostic Center, LP"", ""internalId"": ""40"", ""externalId"": null, ""type"": null}",,,,,,"{""customField"": [{""value"": {""name"": ""No"", ""internalId"": ""2"", ""externalId"": null, ""typeId"": ""118""}, ""internalId"": ""198"", ""scriptId"": ""custbody_atlas_no_hdn""}, {""value"": {""name"": ""Yes"", ""internalId"": ""1"", ""externalId"": null, ""typeId"": ""118""}, ""internalId"": ""197"", ""scriptId"": ""custbody_atlas_yes_hdn""}, {""value"": false, ""internalId"": ""1179"", ""scriptId"": ""custbody_cps_bdc_lastupdatedbyimport""}, {""value"": false, ""internalId"": ""1190"", ""scriptId"": ""custbody_cps_bdc_paidbillupdated""}]}",551567,vcr02DUZLJTDMWS4opve
